	k	z	a
0	0.0001	10.0	0.09090909090909091
1	0.00010103726992380052	9.99	0.09099181073703366
2	0.00010208529913654915	9.98	0.09107468123861566
3	0.00010314419924111436	9.97	0.09115770282588878
4	0.00010421408299798732	9.96	0.09124087591240876
5	0.00010529506433728996	9.950000000000001	0.091324200913242
6	0.00010638725837090695	9.940000000000001	0.09140767824497256
7	0.00010749078140474433	9.930000000000001	0.09149130832570905
8	0.0001086057509511139	9.920000000000002	0.09157509157509156
9	0.0001097322857412474	9.910000000000002	0.0916590284142988
10	0.00011087050573794019	9.900000000000002	0.09174311926605502
11	0.00011202053214832538	9.890000000000002	0.09182736455463726
12	0.00011318248743678113	9.880000000000003	0.09191176470588233
13	0.00011435649533797216	9.870000000000003	0.09199632014719408
14	0.00011554268087002529	9.860000000000003	0.09208103130755062
15	0.00011674117034784287	9.850000000000003	0.0921658986175115
16	0.00011795209139655367	9.840000000000003	0.09225092250922506
17	0.00011917557296510381	9.830000000000004	0.09233610341643579
18	0.00012041174533998778	9.820000000000004	0.09242144177449164
19	0.00012166074015912262	9.810000000000004	0.0925069380203515
20	0.0001229226904258663	9.800000000000004	0.09259259259259256
21	0.00012419773052318021	9.790000000000004	0.09267840593141793
22	0.00012548599622793987	9.780000000000005	0.09276437847866416
23	0.00012678762472539374	9.770000000000005	0.09285051067780868
24	0.00012810275462377132	9.760000000000005	0.09293680297397765
25	0.00012943152596904368	9.750000000000005	0.09302325581395345
26	0.0001307740802598365	9.740000000000006	0.09310986964618245
27	0.00013213056046249854	9.730000000000006	0.0931966449207828
28	0.00013350111102632508	9.720000000000006	0.09328358208955219
29	0.00013488587789894056	9.710000000000006	0.09337068160597567
30	0.00013628500854184056	9.700000000000006	0.09345794392523359
31	0.00013769865194609404	9.690000000000007	0.09354536950420948
32	0.00013912695864820948	9.680000000000007	0.09363295880149806
33	0.00014057008074616574	9.670000000000007	0.09372071227741324
34	0.00014202817191560782	9.660000000000007	0.09380863039399619
35	0.00014350138742621213	9.650000000000007	0.09389671361502341
36	0.00014498988415822053	9.640000000000008	0.09398496240601496
37	0.00014649382061914697	9.630000000000008	0.09407337723424264
38	0.00014801335696065565	9.620000000000008	0.09416195856873816
39	0.00014954865499561588	9.610000000000008	0.09425070688030153
40	0.00015109987821533362	9.600000000000009	0.09433962264150936
41	0.00015266719180696047	9.590000000000009	0.09442870632672325
42	0.00015425076267108493	9.580000000000009	0.09451795841209822
43	0.00015585075943950485	9.57000000000001	0.09460737937559122
44	0.00015746735249318555	9.56000000000001	0.09469696969696961
45	0.0001591007139804023	9.55000000000001	0.09478672985781982
46	0.00016075101783507274	9.54000000000001	0.09487666034155588
47	0.00016241843979527916	9.53000000000001	0.09496676163342821
48	0.00016410315742198164	9.52000000000001	0.09505703422053223
49	0.0001658053501179267	9.51000000000001	0.09514747859181723
50	0.00016752519914675211	9.50000000000001	0.09523809523809514
51	0.00016926288765228828	9.49000000000001	0.09532888465204947
52	0.00017101860067806173	9.480000000000011	0.09541984732824417
53	0.0001727925251869996	9.470000000000011	0.09551098376313266
54	0.00017458485008133977	9.460000000000012	0.09560229445506682
55	0.00017639576622274574	9.450000000000012	0.09569377990430611
56	0.00017822546645263157	9.440000000000012	0.09578544061302671
57	0.0001800741456126979	9.430000000000012	0.09587727708533067
58	0.0001819420005656792	9.420000000000012	0.09596928982725517
59	0.00018382923021630776	9.410000000000013	0.09606147934678183
60	0.00018573603553249552	9.400000000000013	0.09615384615384603
61	0.00018766261956673354	9.390000000000013	0.09624639076034637
62	0.00018960918747771546	9.380000000000013	0.09633911368015402
63	0.00019157594655218416	9.370000000000013	0.09643201542912234
64	0.00019356310622700612	9.360000000000014	0.0965250965250964
65	0.00019557087811147288	9.350000000000014	0.09661835748792258
66	0.00019759947600983557	9.340000000000014	0.09671179883945828
67	0.000199649115944073	9.330000000000014	0.09680542110358167
68	0.00020172001617689453	9.320000000000014	0.09689922480620142
69	0.000203812397234983	9.310000000000015	0.09699321047526659
70	0.0002059264819324781	9.300000000000015	0.09708737864077656
71	0.0002080624953947042	9.290000000000015	0.09718172983479091
72	0.0002102206650821423	9.280000000000015	0.09727626459143954
73	0.00021240122081465256	9.270000000000016	0.09737098344693267
74	0.0002146043947959481	9.260000000000016	0.097465886939571
75	0.00021683042163832058	9.250000000000016	0.09756097560975595
76	0.00021907953838762475	9.240000000000016	0.09765624999999985
77	0.00022135198454852035	9.230000000000016	0.0977517106549363
78	0.00022364800210997773	9.220000000000017	0.09784735812133057
79	0.00022596783557104504	9.210000000000017	0.09794319294808995
80	0.0002283117319668865	9.200000000000017	0.09803921568627434
81	0.00023067994089508707	9.190000000000017	0.0981354268891068
82	0.00023307271454223261	9.180000000000017	0.09823182711198411
83	0.0002354903077107644	9.170000000000018	0.09832841691248753
84	0.00023793297784611346	9.160000000000018	0.09842519685039353
85	0.00024040098506411414	9.150000000000018	0.09852216748768455
86	0.0002428945921787041	9.140000000000018	0.09861932938855998
87	0.00024541406472991176	9.130000000000019	0.09871668311944701
88	0.00024795967101213145	9.120000000000019	0.09881422924901168
89	0.00025053168210269504	9.110000000000019	0.09891196834816994
90	0.00025313037189073756	9.10000000000002	0.09900990099009882
91	0.00025575601710636455	9.09000000000002	0.09910802775024757
92	0.00025840889735011897	9.08000000000002	0.099206349206349
93	0.0002610892951227561	9.07000000000002	0.09930486593843078
94	0.0002637974958553272	9.06000000000002	0.09940357852882684
95	0.0002665337879395734	9.05000000000002	0.09950248756218885
96	0.00026929846275863687	9.04000000000002	0.09960159362549781
97	0.0002720918147180891	9.03000000000002	0.09970089730807556
98	0.00027491414127728286	9.020000000000021	0.0998003992015966
99	0.00027776574298102655	9.010000000000021	0.0999000999000997
100	0.0002806469234915895	9.000000000000021	0.09999999999999978
101	0.00028355798962103923	8.990000000000022	0.10010010010009988
102	0.0002864992513639117	8.980000000000022	0.10020040080160299
103	0.00028947102193022285	8.970000000000022	0.10030090270812415
104	0.00029247361777882307	8.960000000000022	0.10040160642570259
105	0.0002955073586510941	8.950000000000022	0.10050251256281384
106	0.0002985725676049989	8.940000000000023	0.10060362173038206
107	0.0003016695710494845	8.930000000000023	0.10070493454179232
108	0.0003047986987792389	8.920000000000023	0.100806451612903
109	0.00030796028400981125	8.910000000000023	0.10090817356205829
110	0.00031115466341309536	8.900000000000023	0.10101010101010077
111	0.00031438217715318214	8.890000000000024	0.10111223458038399
112	0.0003176431689225814	8.880000000000024	0.10121457489878519
113	0.00032093798597882184	8.870000000000024	0.1013171225937181
114	0.00032426697918143133	8.860000000000024	0.1014198782961458
115	0.0003276305030292968	8.850000000000025	0.10152284263959366
116	0.00033102891569841605	8.840000000000025	0.10162601626016235
117	0.0003344625790800383	8.830000000000025	0.10172939979654094
118	0.0003379318588192031	8.820000000000025	0.10183299389002011
119	0.0003414371243536747	8.810000000000025	0.10193679918450534
120	0.0003449787489532844	8.800000000000026	0.10204081632653035
121	0.0003485571097596801	8.790000000000026	0.10214504596527041
122	0.00035217258782648566	8.780000000000026	0.10224948875255596
123	0.00035582556815987976	8.770000000000026	0.10235414534288612
124	0.00035951643975959413	8.760000000000026	0.10245901639344235
125	0.0003632455956603388	8.750000000000027	0.10256410256410228
126	0.00036701343297365315	8.740000000000027	0.10266940451745352
127	0.0003708203529301967	8.730000000000027	0.10277492291880752
128	0.0003746667609224725	8.720000000000027	0.1028806584362137
129	0.00037855306654799894	8.710000000000027	0.10298661174047345
130	0.0003824796836529259	8.700000000000028	0.10309278350515434
131	0.0003864470303761047	8.690000000000028	0.10319917440660445
132	0.00039045552919361623	8.680000000000028	0.10330578512396664
133	0.0003945056069637574	8.670000000000028	0.10341261633919308
134	0.00039859769497249914	8.660000000000029	0.10351966873705974
135	0.000402732228979411	8.650000000000029	0.10362694300518104
136	0.00040690964926406585	8.640000000000029	0.10373443983402458
137	0.00041113040067292377	8.63000000000003	0.10384215991692596
138	0.0004153949326667046	8.62000000000003	0.10395010395010364
139	0.0004197036993682477	8.61000000000003	0.10405827263267398
140	0.00042405715961087224	8.60000000000003	0.10416666666666634
141	0.0004284557769872386	8.59000000000003	0.10427528675703826
142	0.00043290001989871305	8.58000000000003	0.10438413361169069
143	0.00043739036160524885	8.57000000000003	0.10449320794148347
144	0.00044192728027578197	8.56000000000003	0.10460251046025071
145	0.0004465112590391523	8.550000000000031	0.10471204188481642
146	0.00045114278603554847	8.540000000000031	0.10482180293501014
147	0.00045582235446849046	8.530000000000031	0.10493179433368276
148	0.0004605504626573515	8.520000000000032	0.10504201680672234
149	0.00046532761409042036	8.510000000000032	0.1051524710830701
150	0.0004701543174785188	8.500000000000032	0.10526315789473649
151	0.00047503108680917264	8.490000000000032	0.10537407797681735
152	0.0004799584414013469	8.480000000000032	0.10548523206751019
153	0.0004849369059607443	8.470000000000033	0.10559662090813057
154	0.000489967010635684	8.460000000000033	0.10570824524312859
155	0.0004950492910735523	8.450000000000033	0.10582010582010545
156	0.000500184288477846	8.440000000000033	0.10593220338983013
157	0.0005053725496658024	8.430000000000033	0.10604453870625626
158	0.000510614627126629	8.420000000000034	0.1061571125265389
159	0.0005159110790803397	8.410000000000034	0.10626992561105168
160	0.0005212624695371943	8.400000000000034	0.10638297872340387
161	0.0005266693683577634	8.390000000000034	0.10649627263045755
162	0.0005321323513136087	8.380000000000035	0.10660980810234502
163	0.0005376520001485972	8.370000000000035	0.10672358591248626
164	0.00054322890264085	8.360000000000035	0.10683760683760644
165	0.0005488636526653351	8.350000000000035	0.1069518716577536
166	0.0005545568502571056	8.340000000000035	0.10706638115631652
167	0.0005603091016751975	8.330000000000036	0.10718113612004246
168	0.0005661210194671911	8.320000000000036	0.10729613733905538
169	0.0005719932225344372	8.310000000000036	0.10741138560687391
170	0.0005779263361979643	8.300000000000036	0.10752688172042969
171	0.0005839209922650675	8.290000000000036	0.1076426264800857
172	0.0005899778290965905	8.280000000000037	0.10775862068965475
173	0.0005960974916749007	8.270000000000037	0.10787486515641813
174	0.0006022806316725731	8.260000000000037	0.10799136069114428
175	0.0006085279075217885	8.250000000000037	0.10810810810810767
176	0.0006148399844844446	8.240000000000038	0.10822510822510778
177	0.0006212175347230016	8.230000000000038	0.10834236186348818
178	0.0006276612373720577	8.220000000000038	0.10845986984815574
179	0.0006341717786106722	8.210000000000038	0.10857763300759998
180	0.0006407498517354309	8.200000000000038	0.1086956521739126
181	0.0006473961572342789	8.190000000000039	0.10881392818280694
182	0.0006541114028611104	8.180000000000039	0.10893246187363788
183	0.0006608963037111384	8.170000000000039	0.10905125408942157
184	0.0006677515822970433	8.16000000000004	0.10917030567685543
185	0.000674677968625912	8.15000000000004	0.10928961748633832
186	0.0006816762002769768	8.14000000000004	0.10940919037199077
187	0.0006887470224801554	8.13000000000004	0.10952902519167532
188	0.0006958911881954136	8.12000000000004	0.10964912280701707
189	0.0007031094581929427	8.11000000000004	0.10976948408342432
190	0.0007104026011341749	8.10000000000004	0.1098901098901094
191	0.0007177713936536355	8.09000000000004	0.11001100110010952
192	0.0007252166204416486	8.080000000000041	0.11013215859030788
193	0.0007327390743278923	8.070000000000041	0.11025358324145484
194	0.0007403395563658291	8.060000000000041	0.11037527593818934
195	0.00074801887591801	8.050000000000042	0.11049723756906027
196	0.0007557778507422582	8.040000000000042	0.11061946902654816
197	0.0007636173070787537	8.030000000000042	0.11074197120708697
198	0.0007715380797380163	8.020000000000042	0.11086474501108595
199	0.0007795410121898068	8.010000000000042	0.11098779134295175
200	0.0007876269566529409	8.000000000000043	0.11111111111111059
201	0.0007957967741860473	7.990000000000043	0.11123470522803061
202	0.0008040513347792539	7.980000000000043	0.11135857461024445
203	0.0008123915174468357	7.970000000000043	0.11148272017837181
204	0.0008208182103208183	7.9600000000000435	0.11160714285714232
205	0.0008293323107455531	7.950000000000044	0.11173184357541845
206	0.0008379347253732766	7.940000000000044	0.1118568232662187
207	0.0008466263702606531	7.930000000000044	0.11198208286674077
208	0.0008554081709663309	7.920000000000044	0.1121076233183851
209	0.0008642810626494968	7.9100000000000446	0.11223344556677833
210	0.0008732459901694636	7.900000000000045	0.1123595505617972
211	0.0008823039081862845	7.890000000000045	0.11248593925759223
212	0.0008914557812624174	7.880000000000045	0.11261261261261205
213	0.0009007025839654334	7.870000000000045	0.11273957158962739
214	0.0009100453009718001	7.860000000000046	0.11286681715575562
215	0.0009194849271717405	7.850000000000046	0.11299435028248529
216	0.000929022467775172	7.840000000000046	0.11312217194570078
217	0.0009386589384187532	7.830000000000046	0.11325028312570722
218	0.0009483953652740352	7.8200000000000465	0.11337868480725564
219	0.0009582327851567408	7.810000000000047	0.11350737797956807
220	0.0009681722456371677	7.800000000000047	0.11363636363636304
221	0.0009782148051517452	7.790000000000047	0.11376564277588107
222	0.000988361533115748	7.780000000000047	0.11389521640091055
223	0.0009986135100371713	7.7700000000000475	0.11402508551881352
224	0.0010089718276317958	7.760000000000048	0.1141552511415519
225	0.0010194375889394397	7.750000000000048	0.11428571428571366
226	0.0010300119084414255	7.740000000000048	0.11441647597253941
227	0.0010406959121792513	7.730000000000048	0.11454753722794897
228	0.001051490737874508	7.720000000000049	0.11467889908256816
229	0.0010623975350500285	7.710000000000049	0.11481056257175595
230	0.0010734174651523005	7.700000000000049	0.11494252873563153
231	0.0010845517016751472	7.690000000000049	0.11507479861910176
232	0.0010958014302846892	7.6800000000000495	0.11520737327188875
233	0.001107167848945608	7.67000000000005	0.11534025374855758
234	0.001118652168048709	7.66000000000005	0.11547344110854436
235	0.0011302556105398207	7.65000000000005	0.1156069364161843
236	0.001141979412050018	7.64000000000005	0.11574074074074006
237	0.0011538248210272069	7.6300000000000505	0.11587485515643038
238	0.0011657930988690673	7.620000000000051	0.11600928074245871
239	0.001177885520057377	7.610000000000051	0.11614401858304228
240	0.0011901033722937335	7.600000000000051	0.11627906976744116
241	0.0012024479566366709	7.590000000000051	0.11641443538998766
242	0.001214920587640217	7.580000000000052	0.11655011655011585
243	0.0012275225934938695	7.570000000000052	0.11668611435239136
244	0.0012402553161640374	7.560000000000052	0.11682242990654135
245	0.001253120111536944	7.550000000000052	0.11695906432748467
246	0.001266118349563011	7.540000000000052	0.11709601873536228
247	0.0012792514144027464	7.530000000000053	0.11723329425556786
248	0.0012925207045741387	7.520000000000053	0.11737089201877861
249	0.0013059276331015808	7.510000000000053	0.11750881316098634
250	0.0013194736276663436	7.500000000000053	0.11764705882352867
251	0.001333160130758606	7.4900000000000535	0.11778563015312057
252	0.0013469885998310634	7.480000000000054	0.11792452830188604
253	0.0013609605074541328	7.470000000000054	0.11806375442739003
254	0.001375077341472756	7.460000000000054	0.11820330969267064
255	0.0013893406051648488	7.450000000000054	0.11834319526627143
256	0.0014037518174013718	7.440000000000055	0.11848341232227412
257	0.0014183125128080796	7.430000000000055	0.11862396204033138
258	0.0014330242419289371	7.420000000000055	0.11876484560569994
259	0.0014478885713912347	7.410000000000055	0.1189060642092739
260	0.0014629070840724212	7.400000000000055	0.11904761904761826
261	0.00147808137926865	7.390000000000056	0.11918951132300279
262	0.0014934130728650997	7.380000000000056	0.11933174224343596
263	0.0015089037975080345	7.370000000000056	0.11947431302269931
264	0.001524555202778669	7.360000000000056	0.11961722488038197
265	0.0015403689553688282	7.3500000000000565	0.11976047904191536
266	0.0015563467392584278	7.340000000000057	0.1199040767386083
267	0.0015724902558948038	7.330000000000057	0.12004801920768225
268	0.0015888012243738944	7.320000000000057	0.12019230769230686
269	0.0016052813816232992	7.310000000000057	0.12033694344163576
270	0.0016219324825872473	7.3000000000000576	0.12048192771084254
271	0.0016387563004134759	7.290000000000058	0.12062726176115718
272	0.0016557546266420492	7.280000000000058	0.12077294685990253
273	0.0016729292713961428	7.270000000000058	0.12091898428053119
274	0.0016902820635747884	7.260000000000058	0.12106537530266258
275	0.0017078148510476445	7.250000000000059	0.12121212121212036
276	0.0017255295008517602	7.240000000000059	0.12135922330097
277	0.0017434278993904008	7.230000000000059	0.12150668286755685
278	0.0017615119526339245	7.220000000000059	0.12165450121654414
279	0.0017797835863227456	7.2100000000000595	0.12180267965895161
280	0.0017982447461724097	7.20000000000006	0.12195121951219423
281	0.0018168973980807774	7.19000000000006	0.12210012210012121
282	0.0018357435283373833	7.18000000000006	0.12224938875305534
283	0.0018547851438349414	7.17000000000006	0.12239902080783263
284	0.0018740242722830615	7.1600000000000605	0.12254901960784223
285	0.0018934629624241753	7.150000000000061	0.12269938650306657
286	0.0019131032842517016	7.140000000000061	0.12285012285012192
287	0.0019329473292304844	7.130000000000061	0.12300123001229919
288	0.0019529972105194957	7.120000000000061	0.12315270935960498
289	0.0019732550631968776	7.110000000000062	0.12330456226880301
290	0.0019937230444872895	7.100000000000062	0.12345679012345585
291	0.0020144033339916365	7.090000000000062	0.12360939431396692
292	0.0020352981339191666	7.080000000000062	0.1237623762376228
293	0.002056409669321981	7.0700000000000625	0.12391573729863596
294	0.0020777401883319817	7.060000000000063	0.12406947890818762
295	0.0020992919624002655	7.050000000000063	0.12422360248447108
296	0.002121067286539005	7.040000000000063	0.12437810945273534
297	0.002143068479565846	7.030000000000063	0.12453300124532903
298	0.0021652978843508318	7.0200000000000635	0.12468827930174464
299	0.0021877578680658894	7.010000000000064	0.12484394506866317
300	0.0022104508224369164	7.000000000000064	0.124999999999999
301	0.0022333791639984535	6.990000000000064	0.1251564455569452
302	0.002256545334351037	6.980000000000064	0.12531328320801904
303	0.002279951800421184	6.970000000000065	0.12547051442910814
304	0.0023036010547241013	6.960000000000065	0.12562814070351658
305	0.002327495615629106	6.950000000000065	0.12578616352201155
306	0.0023516380276278003	6.940000000000065	0.1259445843828705
307	0.002376030861605039	6.930000000000065	0.12610340479192833
308	0.002400676715112684	6.920000000000066	0.12626262626262522
309	0.00242557821264623	6.910000000000066	0.12642225031605459
310	0.0024507380059242676	6.900000000000066	0.1265822784810116
311	0.0024761587741708685	6.890000000000066	0.12674271229404202
312	0.002501843224400891	6.8800000000000665	0.12690355329949132
313	0.00252779409170824	6.870000000000067	0.1270648030495542
314	0.0025540141395571357	6.860000000000067	0.12722646310432462
315	0.002580506160076372	6.850000000000067	0.12738853503184605
316	0.002607272974356664	6.840000000000067	0.12755102040816216
317	0.002634317432751045	6.830000000000068	0.127713920817368
318	0.002661642415178405	6.820000000000068	0.1278772378516613
319	0.0026892508314301684	6.810000000000068	0.12804097311139453
320	0.0027171456214801462	6.800000000000068	0.12820512820512708
321	0.0027453297557976197	6.790000000000068	0.12836970474967796
322	0.0027738062356636546	6.780000000000069	0.1285347043701788
323	0.002802578093490697	6.770000000000069	0.12870012870012756
324	0.002831648393145498	6.760000000000069	0.12886597938144215
325	0.002861020230275377	6.750000000000069	0.129032258064515
326	0.0028906967326378687	6.7400000000000695	0.12919896640826758
327	0.0029206810604338056	6.73000000000007	0.12936610608020582
328	0.0029509764066438207	6.72000000000007	0.1295336787564755
329	0.0029815859973683864	6.71000000000007	0.1297016861219184
330	0.003012513092171336	6.70000000000007	0.1298701298701287
331	0.0030437609844269826	6.690000000000071	0.13003901170350987
332	0.0030753330016708184	6.680000000000071	0.13020833333333212
333	0.0031072325059538584	6.670000000000071	0.13037809647979018
334	0.0031394628942006705	6.660000000000071	0.13054830287206146
335	0.0031720275985710885	6.650000000000071	0.1307189542483648
336	0.003204930086825718	6.640000000000072	0.13089005235601972
337	0.0032381738626951952	6.630000000000072	0.131061598951506
338	0.0032717624662533017	6.620000000000072	0.13123359580052368
339	0.0033056994742939414	6.610000000000072	0.13140604467805395
340	0.0033399885007120212	6.6000000000000725	0.1315789473684198
341	0.0033746331968883027	6.590000000000073	0.13175230566534787
342	0.0034096372520782095	6.580000000000073	0.13192612137203039
343	0.003445004393804715	6.570000000000073	0.13210039630118764
344	0.003480738388255258	6.560000000000073	0.132275132275131
345	0.0035168430406828086	6.5500000000000735	0.13245033112582652
346	0.003553322195811083	6.540000000000074	0.13262599469495892
347	0.0035901797382439558	6.530000000000074	0.13280212483399603
348	0.003627419592879137	6.520000000000074	0.132978723404254
349	0.0036650457253261195	6.510000000000074	0.13315579227696273
350	0.003703062142328464	6.500000000000075	0.133333333333332
351	0.0037414728921904804	6.490000000000075	0.13351134846461815
352	0.0037802820652083216	6.480000000000075	0.13368983957219116
353	0.0038194937941055484	6.470000000000075	0.1338688085676024
354	0.003859112254473233	6.4600000000000755	0.1340482573726528
355	0.0038991416652145797	6.450000000000076	0.13422818791946173
356	0.003939586288994225	6.440000000000076	0.13440860215053627
357	0.003980450432692131	6.430000000000076	0.13458950201884115
358	0.004021738447862235	6.420000000000076	0.13477088948786922
359	0.0040634547311958315	6.4100000000000765	0.1349527665317125
360	0.004105603724989771	6.400000000000077	0.13513513513513373
361	0.004148189917619523	6.390000000000077	0.13531799729363864
362	0.004191217844017112	6.380000000000077	0.1355013550135487
363	0.004234692086154062	6.370000000000077	0.13568521031207456
364	0.004278617273529298	6.360000000000078	0.13586956521738988
365	0.004322998083662152	6.350000000000078	0.13605442176870605
366	0.004367839242590452	6.340000000000078	0.13623978201634732
367	0.004413145525373795	6.330000000000078	0.13642564802182663
368	0.004458921756602046	6.320000000000078	0.13661202185792204
369	0.004505172810909072	6.310000000000079	0.13679890560875366
370	0.00455190361349187	6.300000000000079	0.13698630136986154
371	0.00459911914063501	6.290000000000079	0.13717421124828383
372	0.00464682442024057	6.280000000000079	0.13736263736263588
373	0.004695024532363544	6.2700000000000795	0.1375515818431897
374	0.004743724609752802	6.26000000000008	0.1377410468319544
375	0.004792929838397686	6.25000000000008	0.1379310344827571
376	0.004842645458080246	6.24000000000008	0.13812154696132445
377	0.0048928767629332045	6.23000000000008	0.13831258644536498
378	0.004943629102003735	6.220000000000081	0.1385041551246522
379	0.004994907879823069	6.210000000000081	0.138696255201108
380	0.005046718556982011	6.200000000000081	0.1388888888888873
381	0.005099066650712445	6.190000000000081	0.13908205841446297
382	0.005151957735474822	6.180000000000081	0.13927576601671152
383	0.005205397443551816	6.170000000000082	0.13947001394699982
384	0.005259391465648061	6.160000000000082	0.13966480446927215
385	0.005313945551496159	6.150000000000082	0.13986013986013826
386	0.005369065510468965	6.140000000000082	0.14005602240896198
387	0.0054247572121982005	6.1300000000000825	0.1402524544179507
388	0.005481026587199532	6.120000000000083	0.14044943820224556
389	0.005537879627504057	6.110000000000083	0.14064697609001242
390	0.005595322387296433	6.100000000000083	0.14084507042253355
391	0.005653360983559536	6.090000000000083	0.14104372355430017
392	0.005712001596725872	6.080000000000084	0.14124293785310568
393	0.005771250471335716	6.070000000000084	0.14144271570013978
394	0.00583111391670207	6.060000000000084	0.1416430594900833
395	0.0058915983075825615	6.050000000000084	0.141843971631204
396	0.005952710084858256	6.040000000000084	0.14204545454545284
397	0.006014455756219531	6.030000000000085	0.1422475106685616
398	0.006076841896859085	6.020000000000085	0.14245014245014073
399	0.006139875150172113	6.010000000000085	0.14265335235377857
400	0.006203562228463744	6.000000000000085	0.14285714285714113
401	0.006267909913663848	5.9900000000000855	0.14306151645207263
402	0.0063329250580491875	5.980000000000086	0.14326647564469738
403	0.006398614584973158	5.970000000000086	0.14347202295552192
404	0.006464985489602998	5.960000000000086	0.14367816091953844
405	0.006532044839664718	5.950000000000086	0.14388489208632915
406	0.006599799776195724	5.9400000000000865	0.1440922190201711
407	0.006668257514305249	5.930000000000087	0.14430014430014249
408	0.006737425343942705	5.920000000000087	0.1445086705202294
409	0.00680731063067393	5.910000000000087	0.14471780028943376
410	0.006877920816465586	5.900000000000087	0.14492753623188223
411	0.006949263420477599	5.890000000000088	0.14513788098693575
412	0.007021346039863883	5.880000000000088	0.14534883720930047
413	0.007094176350581351	5.870000000000088	0.14556040756913932
414	0.007167762108207293	5.860000000000088	0.1457725947521847
415	0.007242111148765297	5.8500000000000885	0.14598540145985212
416	0.007317231389559637	5.840000000000089	0.14619883040935483
417	0.007393130830018429	5.830000000000089	0.14641288433381947
418	0.007469817552545434	5.820000000000089	0.14662756598240279
419	0.00754729972338076	5.810000000000089	0.14684287812040922
420	0.007625585593470468	5.8000000000000895	0.14705882352940983
421	0.007704683499345195	5.79000000000009	0.14727540500736183
422	0.007784601864007916	5.78000000000009	0.14749262536872962
423	0.007865349197830884	5.77000000000009	0.1477104874446066
424	0.00794693409946187	5.76000000000009	0.14792899408283827
425	0.008029365256739836	5.750000000000091	0.14814814814814617
426	0.008112651447620085	5.740000000000091	0.14836795252225318
427	0.008196801541109008	5.730000000000091	0.1485884101040099
428	0.00828182449820855	5.720000000000091	0.14880952380952178
429	0.008367729372870402	5.7100000000000914	0.14903129657227815
430	0.008454525312960207	5.700000000000092	0.14925373134328154
431	0.008542221561231645	5.690000000000092	0.14947683109117882
432	0.008630827456310705	5.680000000000092	0.14970059880239314
433	0.008720352433690133	5.670000000000092	0.1499250374812573
434	0.008810806026734199	5.6600000000000925	0.15015015015014807
435	0.008902197867693916	5.650000000000093	0.15037593984962197
436	0.008994537688732707	5.640000000000093	0.15060240963855212
437	0.009087835322962833	5.630000000000093	0.15082956259426636
438	0.009182100705492446	5.620000000000093	0.1510574018126867
439	0.009277343874483595	5.610000000000094	0.15128593040846988
440	0.009373574972221162	5.600000000000094	0.15151515151514935
441	0.009470804246192895	5.590000000000094	0.15174506828527856
442	0.009569042050180677	5.580000000000094	0.15197568389057534
443	0.009668298845363016	5.570000000000094	0.15220700152206781
444	0.00976858520142912	5.560000000000095	0.1524390243902417
445	0.009869911797704372	5.550000000000095	0.15267175572518862
446	0.009972289424287599	5.540000000000095	0.15290519877675618
447	0.010075728983200064	5.530000000000095	0.15313935681469915
448	0.01018024148954645	5.5200000000000955	0.1533742331288321
449	0.010285838072687778	5.510000000000096	0.1536098310291836
450	0.01039252997742658	5.500000000000096	0.15384615384615158
451	0.010500328565204378	5.490000000000096	0.15408320493066027
452	0.010609245315311478	5.480000000000096	0.1543209876543187
453	0.01071929182610942	5.470000000000097	0.15455950540958038
454	0.010830479816266048	5.460000000000097	0.1547987616099048
455	0.010942821126003463	5.450000000000097	0.15503875968992015
456	0.011056327718358785	5.440000000000097	0.15527950310558772
457	0.01117101168045813	5.430000000000097	0.15552099533436778
458	0.011286885224803764	5.420000000000098	0.15576323987538704
459	0.01140396069057454	5.410000000000098	0.1560062402496076
460	0.011522250544939891	5.400000000000098	0.1562499999999976
461	0.011641767384387493	5.390000000000098	0.15649452269170339
462	0.011762523936064563	5.3800000000000985	0.15673981191222328
463	0.011884533059133198	5.370000000000099	0.15698587127158312
464	0.012007807746139704	5.360000000000099	0.15723270440251327
465	0.012132361124398201	5.350000000000099	0.15748031496062748
466	0.012258206457388449	5.340000000000099	0.1577287066246032
467	0.012385357146168301	5.3300000000000995	0.157977883096364
468	0.012513826730800781	5.3200000000001	0.15822784810126334
469	0.012643628891795888	5.3100000000001	0.15847860538827008
470	0.012774777451567427	5.3000000000001	0.1587301587301562
471	0.012907286375904986	5.2900000000001	0.15898251192368584
472	0.013041169775461051	5.280000000000101	0.15923566878980636
473	0.013176441907253672	5.270000000000101	0.15948963317384113
474	0.013313117176184648	5.260000000000101	0.1597444089456843
475	0.013451210136573532	5.250000000000101	0.1599999999999974
476	0.013590735493707417	5.2400000000001015	0.16025641025640766
477	0.013731708105406911	5.230000000000102	0.16051364365970847
478	0.013874142983608374	5.220000000000102	0.16077170418006168
479	0.014018055295962424	5.210000000000102	0.16103059581320187
480	0.01416346036744917	5.200000000000102	0.1612903225806425
481	0.014310373682010111	5.1900000000001025	0.16155088852988425
482	0.014458810884197067	5.180000000000103	0.16181229773462513
483	0.014608787780838038	5.170000000000103	0.16207455429497297
484	0.014760320342720502	5.160000000000103	0.16233766233765962
485	0.014913424706292151	5.150000000000103	0.16260162601625744
486	0.015068117175379156	5.140000000000104	0.1628664495113979
487	0.015224414222922368	5.130000000000104	0.16313213703099233
488	0.01538233249273155	5.120000000000104	0.16339869281045474
489	0.015541888801257649	5.110000000000104	0.16366612111292683
490	0.015703100139383617	5.1000000000001044	0.16393442622950538
491	0.015865983674233704	5.090000000000105	0.16420361247947174
492	0.01603055675100163	5.080000000000105	0.16447368421052347
493	0.016196836894797544	5.070000000000105	0.1647446457990087
494	0.016364841812514287	5.060000000000105	0.16501650165016216
495	0.01653458939471303	5.0500000000001055	0.16528925619834423
496	0.0167060977175283	5.040000000000106	0.16556291390728187
497	0.016879385044592927	5.030000000000106	0.16583747927031217
498	0.01705446982898297	5.020000000000106	0.1661129568106283
499	0.01723137071518265	5.010000000000106	0.16638935108152783
500	0.017410106541069805	5.000000000000107	0.16666666666666372
501	0.017590696339921934	4.990000000000107	0.16694490818029753
502	0.017773159342443022	4.980000000000107	0.16722408026755553
503	0.017957514978811324	4.970000000000107	0.1675041876046871
504	0.01814378288074849	4.960000000000107	0.16778523489932584
505	0.01833198288361016	4.950000000000108	0.16806722689075326
506	0.01852213502849811	4.940000000000108	0.16835016835016528
507	0.01871425956439442	4.930000000000108	0.16863406408094128
508	0.018908376950317846	4.920000000000108	0.16891891891891583
509	0.019104507857502322	4.9100000000001085	0.1692047377326534
510	0.0193026731715983	4.900000000000109	0.1694915254237257
511	0.019502893994896783	4.890000000000109	0.16977928692699176
512	0.019705191648576544	4.880000000000109	0.17006802721088118
513	0.01990958767497448	4.870000000000109	0.17035775127767996
514	0.020116103839879666	4.86000000000011	0.17064846416381935
515	0.020324762134851217	4.85000000000011	0.17094017094016772
516	0.020535584779560027	4.84000000000011	0.17123287671232554
517	0.02074859422415496	4.83000000000011	0.171526586620923
518	0.020963813151653507	4.82000000000011	0.17182130584192115
519	0.02118126448035735	4.810000000000111	0.17211703958691582
520	0.021400971366292737	4.800000000000111	0.17241379310344498
521	0.02162295720567643	4.790000000000111	0.17271157167529894
522	0.02184724563740717	4.780000000000111	0.17301038062283403
523	0.022073860545582816	4.7700000000001115	0.17331022530328954
524	0.02230282606204379	4.760000000000112	0.17361111111110775
525	0.022534166568942915	4.750000000000112	0.17391304347825748
526	0.022767906701341673	4.740000000000112	0.17421602787456106
527	0.023004071349833653	4.730000000000112	0.1745200698080245
528	0.023242685663195064	4.7200000000001125	0.17482517482517138
529	0.02348377505106288	4.710000000000113	0.17513134851138007
530	0.023727365186640526	4.700000000000113	0.1754385964912246
531	0.023973482009431838	4.690000000000113	0.175746924428819
532	0.024222151728003405	4.680000000000113	0.1760563380281655
533	0.024473400822775312	4.670000000000114	0.17636684303350617
534	0.024727256048841083	4.660000000000114	0.17667844522967843
535	0.024983744438816857	4.650000000000114	0.1769911504424743
536	0.02524289330571989	4.640000000000114	0.1773049645390035
537	0.025504730245877176	4.6300000000001145	0.17761989342806034
538	0.025769283141864087	4.620000000000115	0.1779359430604946
539	0.026036580165473642	4.610000000000115	0.17825311942958635
540	0.02630664978071631	4.600000000000115	0.1785714285714249
541	0.026579520746851187	4.590000000000115	0.17889087656529148
542	0.026855222121448596	4.5800000000001155	0.17921146953404646
543	0.027133783263484205	4.570000000000116	0.17953321364452052
544	0.027415233836465516	4.560000000000116	0.17985611510790991
545	0.027699603811590756	4.550000000000116	0.1801801801801764
546	0.02798692347094029	4.540000000000116	0.18050541516245108
547	0.02827722341070142	4.530000000000117	0.18083182640144285
548	0.028570534544426478	4.520000000000117	0.18115942028985124
549	0.028866888106324852	4.510000000000117	0.1814882032667838
550	0.02916631565458891	4.500000000000117	0.18181818181817794
551	0.029468849074754652	4.4900000000001175	0.18214936247722743
552	0.02977452058309725	4.480000000000118	0.1824817518248136
553	0.03008336273006151	4.470000000000118	0.1828153564899412
554	0.030395408403728254	4.460000000000118	0.1831501831501792
555	0.030710690833316432	4.450000000000118	0.1834862385321061
556	0.031029243592721786	4.4400000000001185	0.1838235294117607
557	0.03135110060409189	4.430000000000119	0.18416206261509727
558	0.03167629614143854	4.420000000000119	0.18450184501844613
559	0.03200486483428767	4.410000000000119	0.1848428835489793
560	0.032336841671366745	4.400000000000119	0.1851851851851811
561	0.03267226200433079	4.39000000000012	0.18552875695732426
562	0.033011161551527016	4.38000000000012	0.18587360594795124
563	0.03335357640179821	4.37000000000012	0.18621973929236083
564	0.03369954301832589	4.36000000000012	0.1865671641791003
565	0.03404909824251317	4.35000000000012	0.1869158878504631
566	0.034402279297908046	4.340000000000121	0.18726591760299202
567	0.034759123794167096	4.330000000000121	0.18761726078798824
568	0.03511966973106055	4.320000000000121	0.1879699248120258
569	0.03548395550251891	4.310000000000121	0.18832391713747215
570	0.0358520199007213	4.3000000000001215	0.18867924528301455
571	0.03622390212022642	4.290000000000122	0.18903591682419224
572	0.03659964176214647	4.280000000000122	0.189393939393935
573	0.03697927883836395	4.270000000000122	0.18975332068310755
574	0.03736285377579263	4.260000000000122	0.1901140684410602
575	0.037750407420682454	4.250000000000123	0.19047619047618602
576	0.038141981042969356	4.240000000000123	0.19083969465648407
577	0.03853761634066977	4.230000000000123	0.19120458891012934
578	0.03893735544432113	4.220000000000123	0.19157088122604912
579	0.03934124092146838	4.210000000000123	0.191938579654506
580	0.03974931578119667	4.200000000000124	0.19230769230768774
581	0.040161623478711515	4.190000000000124	0.19267822736030368
582	0.04057820791996616	4.180000000000124	0.19305019305018842
583	0.04099911346633721	4.170000000000124	0.19342359767891218
584	0.04142438493934837	4.1600000000001245	0.19379844961239842
585	0.04185406762544354	4.150000000000125	0.1941747572815487
586	0.0422882072808094	4.140000000000125	0.19455252918287466
587	0.042726850136247656	4.130000000000125	0.19493177387913754
588	0.04317004290209823	4.120000000000125	0.19531249999999523
589	0.043617832773213475	4.1100000000001256	0.19569471624265664
590	0.04407026743398362	4.100000000000126	0.1960784313725442
591	0.04452739506341479	4.090000000000126	0.1964636542239637
592	0.044989264340259384	4.080000000000126	0.1968503937007825
593	0.04545592444820001	4.070000000000126	0.1972386587771154
594	0.04592742508108667	4.060000000000127	0.19762845849801877
595	0.04640381644822875	4.050000000000127	0.19801980198019303
596	0.04688514927974183	4.040000000000127	0.1984126984126934
597	0.04737147483194956	4.030000000000127	0.19880715705764904
598	0.04786284489284206	4.0200000000001275	0.19920318725099095
599	0.0483593117875908	4.010000000000128	0.19960079840318853
600	0.0488609283841204	4.000000000000128	0.19999999999999488
601	0.0493677480987386	3.990000000000128	0.20040080160320126
602	0.04987982490182436	3.9800000000001283	0.20080321285140046
603	0.05039721332357534	3.9700000000001285	0.20120724346075938
604	0.050919968459814384	3.9600000000001288	0.20161290322580122
605	0.05144814597785669	3.950000000000129	0.20202020202019677
606	0.051981802122437984	3.940000000000129	0.20242914979756554
607	0.05252099372170354	3.9300000000001294	0.20283975659228676
608	0.05306577819325992	3.9200000000001296	0.20325203252031984
609	0.05361621355028925	3.91000000000013	0.20366598778003533
610	0.05417235840772706	3.90000000000013	0.20408163265305582
611	0.054734271988503835	3.8900000000001302	0.20449897750510704
612	0.0553020141298517	3.8800000000001305	0.20491803278687976
613	0.05587564528967656	3.8700000000001307	0.2053388090349021
614	0.05645522655299584	3.860000000000131	0.20576131687242244
615	0.05704081963844345	3.850000000000131	0.20618556701030372
616	0.05763248690484233	3.8400000000001313	0.20661157024792828
617	0.05823029135784453	3.8300000000001315	0.20703933747411443
618	0.05883429665664086	3.8200000000001317	0.20746887966804411
619	0.059444567120739714	3.810000000000132	0.2079002079002022
620	0.06006116773681656	3.800000000000132	0.2083333333333276
621	0.060684164165633936	3.7900000000001324	0.20876826722337627
622	0.06131362274903373	3.7800000000001326	0.20920502092049628
623	0.061949610517001964	3.770000000000133	0.20964360587001513
624	0.0625921951948064	3.760000000000133	0.2100840336134395
625	0.06324144521020857	3.7500000000001332	0.2105263157894678
626	0.06389742970075084	3.7400000000001334	0.21097046413501516
627	0.06456021852111832	3.7300000000001337	0.21141649048625197
628	0.06522988225057777	3.720000000000134	0.211864406779655
629	0.06590649220049344	3.710000000000134	0.21231422505307251
630	0.06659012042192108	3.7000000000001343	0.21276595744680243
631	0.06728083971328022	3.6900000000001345	0.21321961620468471
632	0.06797872362810645	3.6800000000001347	0.21367521367520753
633	0.06868384648288427	3.670000000000135	0.21413276231262765
634	0.06939628336496055	3.660000000000135	0.21459227467810538
635	0.07011611014054059	3.6500000000001354	0.21505376344085395
636	0.07084340346276727	3.6400000000001356	0.21551724137930406
637	0.0715782407798832	3.630000000000136	0.21598272138228308
638	0.07232070034347846	3.620000000000136	0.2164502164502101
639	0.07307086121682317	3.610000000000136	0.21691973969630596
640	0.07382880328328731	3.6000000000001364	0.21739130434781964
641	0.07459460725484669	3.5900000000001366	0.2178649237472702
642	0.07536835468067826	3.580000000000137	0.21834061135370528
643	0.07615012795584424	3.570000000000137	0.21881838074397594
644	0.07694001033006583	3.5600000000001373	0.2192982456140285
645	0.07773808591658861	3.5500000000001375	0.21978021978021314
646	0.0785444397011395	3.5400000000001377	0.22026431718061007
647	0.07935915755097706	3.530000000000138	0.22075055187637296
648	0.08018232622403482	3.520000000000138	0.22123893805309058
649	0.08101403337816025	3.5100000000001383	0.22172949002216616
650	0.08185436758044963	3.5000000000001386	0.22222222222221538
651	0.08270341831667875	3.4900000000001388	0.2227171492204831
652	0.0835612760008325	3.480000000000139	0.2232142857142788
653	0.08442803198473309	3.470000000000139	0.2237136465324315
654	0.0853037785677674	3.4600000000001394	0.2242152466367643
655	0.08618860900671625	3.4500000000001396	0.22471910112358845
656	0.08708261752568484	3.44000000000014	0.22522522522521812
657	0.08798589932613701	3.43000000000014	0.22573363431150528
658	0.08889855059703244	3.4200000000001403	0.22624434389139553
659	0.08982066852506995	3.4100000000001405	0.22675736961450524
660	0.09075235130503706	3.4000000000001407	0.22727272727272
661	0.091693698150266	3.390000000000141	0.22779043280181502
662	0.09264480930319904	3.380000000000141	0.22831050228309765
663	0.09360578604606347	3.3700000000001413	0.2288329519450727
664	0.09457673071165636	3.3600000000001415	0.22935779816513016
665	0.09555774669424218	3.3500000000001418	0.22988505747125687
666	0.09654893846056294	3.340000000000142	0.23041474654377125
667	0.09755041156096303	3.330000000000142	0.23094688221708248
668	0.09856227264062851	3.3200000000001424	0.23148148148147385
669	0.09958462945094393	3.3100000000001426	0.23201856148491112
670	0.10061759086096676	3.300000000000143	0.232558139534876
671	0.10166126686902023	3.290000000000143	0.23310023310022532
672	0.10271576861440705	3.2800000000001432	0.23364485981307628
673	0.10378120838924483	3.2700000000001435	0.23419203747071812
674	0.1048576996504232	3.2600000000001437	0.23474178403755078
675	0.10594535703168613	3.250000000000144	0.23529411764705085
676	0.10704429635583877	3.240000000000144	0.23584905660376557
677	0.10815463464708179	3.2300000000001443	0.23640661938533472
678	0.10927649014347231	3.2200000000001445	0.23696682464454163
679	0.11040998230951526	3.2100000000001447	0.23752969121139325
680	0.11155523184888534	3.200000000000145	0.23809523809522987
681	0.11271236071727976	3.190000000000145	0.23866348448686525
682	0.11388149213540566	3.1800000000001454	0.23923444976075722
683	0.11506275060210136	3.1700000000001456	0.23980815347720985
684	0.11625626190759455	3.160000000000146	0.24038461538460695
685	0.11746215314689679	3.150000000000146	0.24096385542167828
686	0.11868055273333794	3.1400000000001462	0.24154589371979823
687	0.11991159041224106	3.1300000000001464	0.2421307506053183
688	0.1211553972747381	3.1200000000001467	0.24271844660193312
689	0.12241210577172988	3.110000000000147	0.24330900243308132
690	0.12368184972799091	3.100000000000147	0.2439024390243815
691	0.12496476435641951	3.0900000000001473	0.24449877750610366
692	0.12626098627243684	3.0800000000001475	0.2450980392156774
693	0.1275706535085346	3.0700000000001477	0.24570024570023677
694	0.1288939055289744	3.060000000000148	0.24630541871920283
695	0.1302308832446383	3.050000000000148	0.24691358024690455
696	0.13158172902803458	3.0400000000001484	0.24752475247523845
697	0.13294658672845908	3.0300000000001486	0.24813895781636802
698	0.13432560168731275	3.020000000000149	0.24875621890546343
699	0.1357189207535792	3.010000000000149	0.249376558603482
700	0.13712669229946273	3.000000000000149	0.24999999999999067
701	0.13854906623618754	2.9900000000001494	0.2506265664160307
702	0.13998619402996196	2.9800000000001496	0.2512562814070257
703	0.14143822871810766	2.97000000000015	0.2518891687657336
704	0.14290532492535676	2.96000000000015	0.25252525252524294
705	0.14438763888031692	2.9500000000001503	0.2531645569620157
706	0.145885328432108	2.9400000000001505	0.2538071065989751
707	0.14739855306717187	2.9300000000001507	0.2544529262086416
708	0.14892747392625477	2.920000000000151	0.2551020408163167
709	0.15047225382156768	2.910000000000151	0.25575447570331494
710	0.15203305725412342	2.9000000000001513	0.25641025641024645
711	0.15361005043125486	2.8900000000001516	0.2570694087403499
712	0.1552034012843131	2.8800000000001518	0.2577319587628765
713	0.15681327948655052	2.870000000000152	0.25839793281652734
714	0.15843985647118977	2.860000000000152	0.25906735751294313
715	0.16008330544967814	2.8500000000001524	0.25974025974024945
716	0.1617438014301332	2.8400000000001526	0.2604166666666563
717	0.16342152123597958	2.830000000000153	0.2610966057441149
718	0.1651166435247777	2.820000000000153	0.2617801047120314
719	0.16682934880724912	2.8100000000001533	0.2624671916010393
720	0.1685598194664988	2.8000000000001535	0.2631578947368315
721	0.17030823977743725	2.7900000000001537	0.2638522427440526
722	0.17207479592640268	2.780000000000154	0.26455026455025377
723	0.1738596760309882	2.770000000000154	0.26525198938990957
724	0.17566307016007465	2.7600000000001543	0.2659574468084997
725	0.17748517035406972	2.7500000000001545	0.26666666666665567
726	0.1793261706453584	2.7400000000001548	0.26737967914437394
727	0.1811862670789659	2.730000000000155	0.26809651474529717
728	0.1830656577334329	2.720000000000155	0.26881720430106404
729	0.1849645427419094	2.7100000000001554	0.26954177897572995
730	0.18688312431346618	2.7000000000001556	0.2702702702702589
731	0.1888216067546285	2.690000000000156	0.2710027100270888
732	0.19078019649113118	2.680000000000156	0.2717391304347711
733	0.192759102089901	2.6700000000001562	0.272479564032686
734	0.1947585342812675	2.6600000000001565	0.2732240437158353
735	0.1967787059814018	2.6500000000001567	0.27397260273971424
736	0.19881983231499073	2.640000000000157	0.27472527472526287
737	0.20088213063814456	2.630000000000157	0.2754820936638999
738	0.2029658205615437	2.6200000000001573	0.2762430939226399
739	0.20507112397382352	2.6100000000001575	0.2770083102492954
740	0.20719826506520345	2.6000000000001577	0.27777777777776563
741	0.20934747035136128	2.590000000000158	0.27855153203341393
742	0.21151896869755316	2.580000000000158	0.27932960893853515
743	0.2137129913429857	2.5700000000001584	0.28011204481791474
744	0.21592977192544088	2.5600000000001586	0.28089887640448186
745	0.21816954650615453	2.550000000000159	0.28169014084505783
746	0.22043255359495487	2.540000000000159	0.282485875706202
747	0.22271903417566055	2.5300000000001592	0.2832861189801572
748	0.2250292317317437	2.5200000000001594	0.28409090909089624
749	0.22736339227225644	2.5100000000001597	0.2849002849002719
750	0.2297217643580289	2.50000000000016	0.28571428571427265
751	0.23210459912813866	2.49000000000016	0.28653295128938516
752	0.2345121503266526	2.4800000000001603	0.28735632183906723
753	0.23694467432964858	2.4700000000001605	0.2881844380403325
754	0.2394024301725171	2.4600000000001607	0.289017341040449
755	0.24188567957754417	2.450000000000161	0.2898550724637546
756	0.24439468698178252	2.440000000000161	0.290697674418591
757	0.24692971956521073	2.4300000000001614	0.2915451895043595
758	0.2494910472791856	2.4200000000001616	0.2923976608186996
759	0.25207894287518756	2.410000000000162	0.29325513196479547
760	0.2546936819338659	2.400000000000162	0.2941176470588095
761	0.25733554289438604	2.390000000000162	0.294985250737449
762	0.2600048070840783	2.3800000000001624	0.2958579881656663
763	0.26270175874839674	2.3700000000001626	0.29673590504449604
764	0.26542668508118883	2.360000000000163	0.2976190476190332
765	0.26817987625527673	2.350000000000163	0.29850746268655265
766	0.27096162545335817	2.3400000000001633	0.2994011976047758
767	0.2737722288992266	2.3300000000001635	0.30030030030028554
768	0.27661198588931657	2.3200000000001637	0.3012048192770936
769	0.2794811988245738	2.310000000000164	0.3021148036253627
770	0.28238017324265796	2.300000000000164	0.30303030303028794
771	0.28530921785047986	2.2900000000001643	0.30395136778113985
772	0.28826864455707335	2.2800000000001646	0.30487804878047253
773	0.2912587685068113	2.2700000000001648	0.3058103975535014
774	0.29427990811296395	2.260000000000165	0.3067484662576532
775	0.29733238509160753	2.250000000000165	0.30769230769229206
776	0.3004165244958815	2.2400000000001654	0.3086419753086262
777	0.30353265475060376	2.2300000000001656	0.3095975232197984
778	0.30668110768724505	2.220000000000166	0.3105590062111641
779	0.30986221857926316	2.210000000000166	0.3115264797507627
780	0.31307632617780656	2.2000000000001663	0.3124999999999838
781	0.31632377274778856	2.1900000000001665	0.31347962382443506
782	0.31960490410433245	2.1800000000001667	0.31446540880501495
783	0.3229200696495982	2.170000000000167	0.31545741324919474
784	0.3262696224099888	2.160000000000167	0.3164556962025149
785	0.32965391907374514	2.1500000000001673	0.3174603174603006
786	0.3330733200289268	2.1400000000001675	0.31847133757960083
787	0.33652818940179036	2.1300000000001678	0.3194888178913567
788	0.3400188950955656	2.120000000000168	0.3205128205128033
789	0.3435458088296307	2.110000000000168	0.32154340836011125
790	0.34710930617909735	2.1000000000001684	0.32258064516127277
791	0.3507097666148058	2.0900000000001686	0.323624595469238
792	0.35434757354373214	2.080000000000169	0.32467532467530685
793	0.3580231143498182	2.070000000000169	0.32573289902278335
794	0.36173678043522245	2.0600000000001693	0.32679738562089694
795	0.36548896726200136	2.0500000000001695	0.32786885245899816
796	0.3692800743942192	2.0400000000001697	0.3289473684210343
797	0.37311050554049824	2.03000000000017	0.33003300330031154
798	0.3769806685970099	2.02000000000017	0.3311258278145509
799	0.3808909756909088	2.0100000000001703	0.33222591362124365
800	0.38484184322422055	2.0000000000001705	0.3333333333333144
801	0.3888336919181849	1.9900000000001707	0.33444816053509796
802	0.3928669468580554	1.980000000000171	0.33557046979863847
803	0.3969420375383674	1.9700000000001712	0.3367003367003173
804	0.40105939790867345	1.9600000000001714	0.3378378378378183
805	0.40521946641975554	1.9500000000001716	0.3389830508474379
806	0.4094226860703126	1.9400000000001718	0.3401360544217488
807	0.41366950445413575	1.930000000000172	0.34129692832762504
808	0.4179603738077732	1.9200000000001722	0.3424657534246373
809	0.4222957510586854	1.9100000000001724	0.3436426116838284
810	0.42667609787390465	1.9000000000001727	0.34482758620687604
811	0.4311018807091959	1.8900000000001729	0.34602076124565406
812	0.4355735708587308	1.880000000000173	0.34722222222220134
813	0.44009164450527233	1.8700000000001733	0.3484320557491079
814	0.44465658277088416	1.8600000000001735	0.34965034965032843
815	0.4492688717681657	1.8500000000001737	0.35087719298243475
816	0.4539290026520148	1.840000000000174	0.35211267605631646
817	0.45863747167193136	1.8300000000001742	0.3533568904593422
818	0.4633947802248634	1.8200000000001744	0.35460992907799227
819	0.46820143490859745	1.8100000000001746	0.3558718861209743
820	0.4730579475757068	1.8000000000001748	0.35714285714283484
821	0.4779648353880571	1.790000000000175	0.3584229390680779
822	0.4829226208718801	1.7800000000001752	0.3597122302158047
823	0.48793183197341333	1.7700000000001754	0.3610108303248869
824	0.4929930021151219	1.7600000000001756	0.3623188405796871
825	0.4981066702525033	1.7500000000001759	0.3636363636363404
826	0.5032733809314768	1.740000000000176	0.3649635036496116
827	0.5084936843463725	1.7300000000001763	0.36630036630034263
828	0.5137681363985226	1.7200000000001765	0.36764705882350557
829	0.5190972987554549	1.7100000000001767	0.36900369003687633
830	0.5244817389107062	1.700000000000177	0.3703703703703461
831	0.5299220302442523	1.6900000000001771	0.3717472118958863
832	0.535418752083569	1.6800000000001774	0.3731343283581843
833	0.54097248976532	1.6700000000001776	0.3745318352059676
834	0.5465838346976899	1.6600000000001778	0.37593984962403504
835	0.5522533844233646	1.650000000000178	0.3773584905660124
836	0.5579817426831586	1.6400000000001782	0.3787878787878532
837	0.563769519480309	1.6300000000001784	0.3802281368821035
838	0.5696173311454323	1.6200000000001786	0.3816793893129511
839	0.5755258004021592	1.6100000000001788	0.38314176245208104
840	0.581495556433443	1.600000000000179	0.3846153846153581
841	0.587527234948563	1.5900000000001793	0.38610038610035935
842	0.5936214782508211	1.5800000000001795	0.38759689922477925
843	0.599778935305937	1.5700000000001797	0.38910505836573156
844	0.6060002618111558	1.56000000000018	0.3906249999999725
845	0.6122861202650753	1.5500000000001801	0.39215686274507033
846	0.61863718003819	1.5400000000001803	0.39370078740154685
847	0.6250541174441738	1.5300000000001805	0.3952569169960192
848	0.6315376158118984	1.5200000000001808	0.3968253968253684
849	0.638088365558202	1.510000000000181	0.3984063745019633
850	0.6447070642614077	1.5000000000001812	0.399999999999971
851	0.6513944167356078	1.4900000000001814	0.401606425702782
852	0.6581511351057221	1.4800000000001816	0.4032258064515834
853	0.6649779388833255	1.4700000000001818	0.4048582995951119
854	0.6718755550432701	1.460000000000182	0.4065040650406203
855	0.6788447181011017	1.4500000000001823	0.4081632653060921
856	0.6858861701912728	1.4400000000001825	0.40983606557373986
857	0.6930006611461742	1.4300000000001827	0.411522633744825
858	0.7001889485759815	1.420000000000183	0.4132231404958365
859	0.7074517979493352	1.410000000000183	0.4149377593360681
860	0.7147899826748497	1.4000000000001833	0.4166666666666348
861	0.7222042841834742	1.3900000000001835	0.4184100418409721
862	0.7296954920117081	1.3800000000001837	0.42016806722685834
863	0.7372644038856738	1.370000000000184	0.42194092827000945
864	0.7449118258060671	1.3600000000001842	0.423728813559289
865	0.752638572133986	1.3500000000001844	0.4255319148935836
866	0.7604454656776535	1.3400000000001846	0.42735042735039364
867	0.7683333377800325	1.3300000000001848	0.42918454935618916
868	0.7763030284073567	1.320000000000185	0.4310344827585863
869	0.7843553862385788	1.3100000000001852	0.4329004329003982
870	0.7924912687557409	1.3000000000001855	0.43478260869561713
871	0.8007115423352886	1.2900000000001857	0.4366812227073882
872	0.8090170823403318	1.2800000000001859	0.4385964912280344
873	0.8174087732138565	1.270000000000186	0.4405286343611974
874	0.8258875085729107	1.2600000000001863	0.44247787610615824
875	0.8344541913037621	1.2500000000001865	0.4444444444444076
876	0.8431097336580489	1.2400000000001867	0.4464285714285342
877	0.8518550573499184	1.230000000000187	0.448430493273505
878	0.860691093654182	1.2200000000001872	0.4504504504504125
879	0.8696187835054865	1.2100000000001874	0.4524886877827671
880	0.8786390775985088	1.2000000000001876	0.4545454545454158
881	0.8877529364891955	1.1900000000001878	0.4566210045661709
882	0.8969613306970539	1.180000000000188	0.4587155963302357
883	0.9062652408084954	1.1700000000001882	0.46082949308751764
884	0.9156656575812603	1.1600000000001884	0.46296296296292255
885	0.92516358204992	1.1500000000001886	0.46511627906972663
886	0.9347600256324793	1.1400000000001889	0.467289719626127
887	0.944456010238075	1.130000000000189	0.4694835680750757
888	0.9542525683758	1.1200000000001893	0.47169811320750504
889	0.9641507432646561	1.1100000000001895	0.47393364928905696
890	0.9741515889446395	1.1000000000001897	0.4761904761904332
891	0.9842561703889862	1.09000000000019	0.47846889952148763
892	0.9944655636175819	1.0800000000001901	0.4807692307691868
893	1.0047808558115394	1.0700000000001904	0.4830917874395691
894	1.0152031454289778	1.0600000000001906	0.4854368932038386
895	1.0257335423219895	1.0500000000001908	0.48780487804873507
896	1.0363731678548291	1.040000000000191	0.4901960784313267
897	1.047123155023326	1.0300000000001912	0.49261083743837725
898	1.057984648575534	1.0200000000001914	0.49504950495044814
899	1.0689588051336347	1.0100000000001916	0.4975124378108978
900	1.080046793317101	1.0000000000001918	0.49999999999995204
901	1.0912497938671513	0.9900000000001921	0.5025125628140219
902	1.1025689997724704	0.9800000000001923	0.505050505050456
903	1.1140056163962584	0.9700000000001925	0.50761421319792
904	1.1255608616045853	0.9600000000001927	0.5102040816326029
905	1.1372359658960798	0.9500000000001929	0.512820512820462
906	1.1490321725329622	0.9400000000001931	0.5154639175257218
907	1.1609507376734358	0.9300000000001933	0.5181347150258548
908	1.1729929305054627	0.9200000000001936	0.5208333333332809
909	1.1851600333819021	0.9100000000001938	0.5235602094240307
910	1.1974533419570768	0.900000000000194	0.5263157894736304
911	1.2098741653247418	0.8900000000001942	0.5291005291004748
912	1.2224238261574878	0.8800000000001944	0.5319148936169663
913	1.2351036608475885	0.8700000000001946	0.5347593582887143
914	1.2479150196493196	0.8600000000001948	0.5376344086020942
915	1.2608592668227314	0.850000000000195	0.5405405405404835
916	1.2739377807789354	0.8400000000001953	0.5434782608695076
917	1.287151954226887	0.8300000000001955	0.5464480874316356
918	1.3005031943216931	0.8200000000001957	0.5494505494504903
919	1.3139929228144571	0.8100000000001959	0.5524861878452441
920	1.3276225762036762	0.8000000000001961	0.5555555555554951
921	1.3413936058882225	0.7900000000001963	0.5586592178770337
922	1.3553074783218844	0.7800000000001965	0.5617977528089267
923	1.3693656751695364	0.7700000000001967	0.5649717514123666
924	1.383569693464918	0.760000000000197	0.5681818181817546
925	1.3979210457700486	0.7500000000001972	0.571428571428507
926	1.412421260336299	0.7400000000001974	0.5747126436780957
927	1.4270718812671286	0.7300000000001976	0.5780346820808588
928	1.4418744686825269	0.7200000000001978	0.5813953488371424
929	1.4568305988851293	0.710000000000198	0.5847953216373591
930	1.4719418645280877	0.7000000000001982	0.5882352941175785
931	1.487209874784666	0.6900000000001985	0.5917159763312915
932	1.502636255519599	0.6800000000001987	0.5952380952380248
933	1.518222649462226	0.6700000000001989	0.5988023952095095
934	1.5339707163814218	0.6600000000001991	0.6024096385541446
935	1.5498821332623536	0.6500000000001993	0.6060606060605328
936	1.565958594485042	0.6400000000001995	0.6097560975609014
937	1.5822018120048047	0.6300000000001997	0.6134969325152623
938	1.5986135155345573	0.6200000000002	0.6172839506172078
939	1.6151954527290073	0.6100000000002002	0.621118012422283
940	1.6319493893707557	0.6000000000002004	0.6249999999999217
941	1.6488771095583448	0.5900000000002006	0.6289308176099836
942	1.6659804158962248	0.5800000000002008	0.6329113924049828
943	1.683261129686723	0.570000000000201	0.6369426751591541
944	1.7007210911239883	0.5600000000002012	0.6410256410255584
945	1.7183621594899494	0.5500000000002014	0.6451612903224968
946	1.7361862133523078	0.5400000000002017	0.6493506493505643
947	1.7541951507645788	0.5300000000002019	0.6535947712417438
948	1.772390889468227	0.5200000000002021	0.6578947368420178
949	1.7907753670968614	0.5100000000002023	0.6622516556290503
950	1.8093505413825854	0.5000000000002025	0.6666666666665767
951	1.8281183903644689	0.4900000000002027	0.6711409395972241
952	1.8470809125991856	0.48000000000020293	0.6756756756755831
953	1.8662401273738372	0.47000000000020314	0.6802721088434434
954	1.8855980749209786	0.46000000000020336	0.6849315068492197
955	1.9051568166358954	0.45000000000020357	0.6896551724136962
956	1.924918435296095	0.4400000000002038	0.6944444444443462
957	1.944885035283113	0.430000000000204	0.6993006993005996
958	1.9650587428066018	0.4200000000002042	0.7042253521125748
959	1.9854417061307472	0.4100000000002044	0.7092198581559256
960	2.0060360958030334	0.40000000000020464	0.7142857142856098
961	2.0268441048853765	0.39000000000020485	0.7194244604315486
962	2.047867949187676	0.38000000000020506	0.7246376811593126
963	2.0691098675037503	0.3700000000002053	0.7299270072991607
964	2.0905721218497555	0.3600000000002055	0.7352941176469477
965	2.1122569977050616	0.3500000000002057	0.7407407407406279
966	2.134166804255628	0.3400000000002059	0.7462686567163033
967	2.1563038746399017	0.33000000000020613	0.7518796992480038
968	2.1786705661972867	0.32000000000020634	0.7575757575756391
969	2.2012692607191457	0.31000000000020655	0.7633587786258338
970	2.2241023647024516	0.30000000000020677	0.7692307692306469
971	2.247172309606046	0.290000000000207	0.775193798449488
972	2.270481552109563	0.2800000000002072	0.7812499999998735
973	2.2940325743750347	0.2700000000002074	0.787401574803021
974	2.317827884311209	0.2600000000002076	0.7936507936506628
975	2.341870015840631	0.25000000000020783	0.799999999999867
976	2.366161529169448	0.24000000000020805	0.8064516129030905
977	2.3907050110600614	0.23000000000020826	0.8130081300811631
978	2.4155030751065794	0.22000000000020847	0.8196721311474009
979	2.4405583620131366	0.2100000000002087	0.826446280991593
980	2.4658735398750973	0.2000000000002089	0.8333333333331883
981	2.491451304463172	0.1900000000002091	0.8403361344536339
982	2.517294379510504	0.18000000000020933	0.8474576271184937
983	2.5434055170026872	0.17000000000020954	0.8547008547007017
984	2.5697874974708395	0.16000000000020975	0.8620689655170855
985	2.5964431302876902	0.15000000000020997	0.8695652173911456
986	2.623375253966749	0.14000000000021018	0.8771929824559787
987	2.6505867364645663	0.1300000000002104	0.8849557522122247
988	2.6780804754861594	0.1200000000002106	0.8928571428569749
989	2.705859398793551	0.11000000000021082	0.9009009009007298
990	2.733926464517566	0.10000000000021103	0.9090909090907346
991	2.7622846614728296	0.09000000000021124	0.9174311926603727
992	2.790937009476042	0.08000000000021146	0.9259259259257446
993	2.819886559667555	0.07000000000021167	0.9345794392521516
994	2.849136394836274	0.060000000000211884	0.9433962264149057
995	2.878689629747965	0.0500000000002121	0.95238095238076
996	2.9085494114769053	0.04000000000021231	0.9615384615382653
997	2.938718919741032	0.030000000000212523	0.9708737864075667
998	2.969201367240541	0.020000000000212736	0.9803921568625407
999	3.0	0.01000000000021295	0.9900990099007814
